가설후보,내용,피처,타겟,미보유_평균업소수,보유_평균업소수,보유-미보유_평균차,상관계수_log,하위25_보유율(%),상위25_보유율(%),상위-하위_보유율차(%p),분위해석
Q4-1,카페수 → 공유오피스·회의,카페수,공유오피스_회의,115.51727861771059,132.31472081218274,16.797442194472154,0.0483054443444738,14.13427561837456,19.776119402985074,5.641843784610515,분위 기준 보완/동반 가능성(+)
Q4-2,헬스장수 → 운동시설,헬스장수,운동시설,27.087131367292226,25.984084880636605,-1.1030464866556215,-0.012218964634154639,36.84210526315789,34.65703971119133,-2.1850655519665594,분위 기준 대체 가능성(-)
Q4-3,학원수 → 교육·학습시설,학원수,교육_학습시설,123.86917098445596,126.02849002849003,2.1593190440340635,0.013814807689510641,30.526315789473685,31.521739130434785,0.9954233409611,분위 기준 약함/불명확
Q4-4,독서실수 → 교육·학습시설,독서실수,교육_학습시설,17.791450777202073,17.25925925925926,-0.5321915179428132,-0.013926809387312706,32.280701754385966,31.225296442687743,-1.0554053116982232,분위 기준 약함/불명확
